[
    {
        "url": "https://www.navyfederal.org/checking-savings/savings/savings-resources/certificate-rates.html",
        "bank": "Navy Federal Credit Union",
        "unit": "MONTH",
        "len": "12",
        "apy": "5.30%",
        "min": "$50"
    },
    {
        "url": "https://www.navyfederal.org/checking-savings/savings/savings-resources/certificate-rates.html",
        "bank": "Navy Federal Credit Union",
        "unit": "MONTH",
        "len": "18",
        "apy": "4.70%",
        "min": "$50"
    },
    {
        "url": "https://www.navyfederal.org/checking-savings/savings/savings-resources/certificate-rates.html",
        "bank": "Navy Federal Credit Union",
        "unit": "MONTH",
        "len": "3",
        "apy": "2.80%",
        "min": "2.80%"
    },
    {
        "url": "https://www.navyfederal.org/checking-savings/savings/savings-resources/certificate-rates.html",
        "bank": "Navy Federal Credit Union",
        "unit": "MONTH",
        "len": "12",
        "apy": "4.85%",
        "min": "4.85%"
    },
    {
        "url": "https://www.navyfederal.org/checking-savings/savings/savings-resources/certificate-rates.html",
        "bank": "Navy Federal Credit Union",
        "unit": "MONTH",
        "len": "18",
        "apy": "4.55%",
        "min": "4.55%"
    },
    {
        "url": "https://www.navyfederal.org/checking-savings/savings/savings-resources/certificate-rates.html",
        "bank": "Navy Federal Credit Union",
        "unit": "MONTH",
        "len": "24",
        "apy": "4.25%",
        "min": "4.25%"
    },
    -1,
    -1,
    {
        "url": "https://www.navyfederal.org/checking-savings/savings/savings-resources/certificate-rates.html",
        "bank": "Navy Federal Credit Union",
        "unit": "YEAR",
        "len": "3",
        "apy": "4.05%",
        "min": "4.05%"
    },
    {
        "url": "https://www.navyfederal.org/checking-savings/savings/savings-resources/certificate-rates.html",
        "bank": "Navy Federal Credit Union",
        "unit": "YEAR",
        "len": "5",
        "apy": "3.85%",
        "min": "3.85%"
    },
    {
        "url": "https://www.navyfederal.org/checking-savings/savings/savings-resources/certificate-rates.html",
        "bank": "Navy Federal Credit Union",
        "unit": "YEAR",
        "len": "7",
        "apy": "3.85%",
        "min": "3.85%"
    },
    -1,
    -1,
    {
        "url": "https://www.navyfederal.org/checking-savings/savings/savings-resources/certificate-rates.html",
        "bank": "Navy Federal Credit Union",
        "unit": "MONTH",
        "len": "60",
        "apy": "0.40%",
        "min": "$5.00"
    },
    {
        "url": "https://www.navyfederal.org/checking-savings/savings/savings-resources/certificate-rates.html",
        "bank": "Navy Federal Credit Union",
        "unit": "MONTH",
        "len": "12",
        "apy": "4.75%",
        "min": "$50.00"
    },
    {
        "url": "https://www.navyfederal.org/checking-savings/savings/savings-resources/certificate-rates.html",
        "bank": "Navy Federal Credit Union",
        "unit": "MONTH",
        "len": "18",
        "apy": "4.45%",
        "min": "$50.00"
    },
    {
        "url": "https://www.navyfederal.org/checking-savings/savings/savings-resources/certificate-rates.html",
        "bank": "Navy Federal Credit Union",
        "unit": "MONTH",
        "len": "24",
        "apy": "4.15%",
        "min": "$50.00"
    },
    -1,
    -1,
    {
        "url": "https://www.nasafcu.com/rates-and-fees/checking-savings/share-certificate-rates",
        "bank": "NASA Federal Credit Union",
        "unit": "MONTH",
        "len": "60",
        "apy": "4.00%",
        "min": "$1,000"
    },
    {
        "url": "https://www.nasafcu.com/rates-and-fees/checking-savings/share-certificate-rates",
        "bank": "NASA Federal Credit Union",
        "unit": "MONTH",
        "len": "49",
        "apy": "4.45%",
        "min": "$10,000"
    },
    {
        "url": "https://www.nasafcu.com/rates-and-fees/checking-savings/share-certificate-rates",
        "bank": "NASA Federal Credit Union",
        "unit": "MONTH",
        "len": "48",
        "apy": "4.10%",
        "min": "$1,000"
    },
    {
        "url": "https://www.nasafcu.com/rates-and-fees/checking-savings/share-certificate-rates",
        "bank": "NASA Federal Credit Union",
        "unit": "MONTH",
        "len": "36",
        "apy": "4.15%",
        "min": "$1,000"
    },
    {
        "url": "https://www.nasafcu.com/rates-and-fees/checking-savings/share-certificate-rates",
        "bank": "NASA Federal Credit Union",
        "unit": "MONTH",
        "len": "36",
        "apy": "4.25%",
        "min": "$1,000"
    },
    {
        "url": "https://www.nasafcu.com/rates-and-fees/checking-savings/share-certificate-rates",
        "bank": "NASA Federal Credit Union",
        "unit": "MONTH",
        "len": "24",
        "apy": "4.25%",
        "min": "$1,000"
    },
    {
        "url": "https://www.nasafcu.com/rates-and-fees/checking-savings/share-certificate-rates",
        "bank": "NASA Federal Credit Union",
        "unit": "MONTH",
        "len": "24",
        "apy": "4.35%",
        "min": "$1,000"
    },
    {
        "url": "https://www.nasafcu.com/rates-and-fees/checking-savings/share-certificate-rates",
        "bank": "NASA Federal Credit Union",
        "unit": "MONTH",
        "len": "15",
        "apy": "5.25%",
        "min": "$10,000"
    },
    {
        "url": "https://www.nasafcu.com/rates-and-fees/checking-savings/share-certificate-rates",
        "bank": "NASA Federal Credit Union",
        "unit": "MONTH",
        "len": "12",
        "apy": "4.50%",
        "min": "$1,000"
    },
    {
        "url": "https://www.nasafcu.com/rates-and-fees/checking-savings/share-certificate-rates",
        "bank": "NASA Federal Credit Union",
        "unit": "MONTH",
        "len": "12",
        "apy": "4.40%",
        "min": "$250"
    },
    {
        "url": "https://www.nasafcu.com/rates-and-fees/checking-savings/share-certificate-rates",
        "bank": "NASA Federal Credit Union",
        "unit": "MONTH",
        "len": "12",
        "apy": "4.50%",
        "min": "$50"
    },
    {
        "url": "https://www.nasafcu.com/rates-and-fees/checking-savings/share-certificate-rates",
        "bank": "NASA Federal Credit Union",
        "unit": "MONTH",
        "len": "9",
        "apy": "5.40%",
        "min": "$10,000"
    },
    {
        "url": "https://www.nasafcu.com/rates-and-fees/checking-savings/share-certificate-rates",
        "bank": "NASA Federal Credit Union",
        "unit": "MONTH",
        "len": "6",
        "apy": "4.90%",
        "min": "$1,000"
    },
    {
        "url": "https://www.soarion.org/invest/individual-retirement-accounts/ira-share-certificates",
        "bank": "Soarion Credit Union",
        "unit": "YEAR",
        "len": "1",
        "apy": "APY*\n4.70%",
        "min": 0
    },
    {
        "url": "https://www.soarion.org/invest/individual-retirement-accounts/ira-share-certificates",
        "bank": "Soarion Credit Union",
        "unit": "YEAR",
        "len": "1",
        "apy": "APY*\n4.75%",
        "min": 0
    },
    {
        "url": "https://www.soarion.org/invest/individual-retirement-accounts/ira-share-certificates",
        "bank": "Soarion Credit Union",
        "unit": "MONTH",
        "len": "18",
        "apy": "APY*\n4.55%",
        "min": 0
    },
    {
        "url": "https://www.soarion.org/invest/individual-retirement-accounts/ira-share-certificates",
        "bank": "Soarion Credit Union",
        "unit": "MONTH",
        "len": "18",
        "apy": "APY*\n4.55%",
        "min": 0
    },
    {
        "url": "https://www.soarion.org/invest/individual-retirement-accounts/ira-share-certificates",
        "bank": "Soarion Credit Union",
        "unit": "YEAR",
        "len": "2",
        "apy": "APY*\n4.30%",
        "min": 0
    },
    {
        "url": "https://www.soarion.org/invest/individual-retirement-accounts/ira-share-certificates",
        "bank": "Soarion Credit Union",
        "unit": "YEAR",
        "len": "2",
        "apy": "APY*\n4.30%",
        "min": 0
    },
    {
        "url": "https://www.soarion.org/invest/individual-retirement-accounts/ira-share-certificates",
        "bank": "Soarion Credit Union",
        "unit": "YEAR",
        "len": "3",
        "apy": "APY*\n4.10%",
        "min": 0
    },
    {
        "url": "https://www.soarion.org/invest/individual-retirement-accounts/ira-share-certificates",
        "bank": "Soarion Credit Union",
        "unit": "YEAR",
        "len": "3",
        "apy": "APY*\n4.10%",
        "min": 0
    },
    {
        "url": "https://www.soarion.org/invest/individual-retirement-accounts/ira-share-certificates",
        "bank": "Soarion Credit Union",
        "unit": "YEAR",
        "len": "4",
        "apy": "APY*\n3.95%",
        "min": 0
    },
    {
        "url": "https://www.soarion.org/invest/individual-retirement-accounts/ira-share-certificates",
        "bank": "Soarion Credit Union",
        "unit": "YEAR",
        "len": "4",
        "apy": "APY*\n3.95%",
        "min": 0
    },
    {
        "url": "https://www.soarion.org/invest/individual-retirement-accounts/ira-share-certificates",
        "bank": "Soarion Credit Union",
        "unit": "YEAR",
        "len": "5",
        "apy": "APY*\n3.80%",
        "min": 0
    },
    {
        "url": "https://www.soarion.org/invest/individual-retirement-accounts/ira-share-certificates",
        "bank": "Soarion Credit Union",
        "unit": "YEAR",
        "len": "5",
        "apy": "APY*\n3.85%",
        "min": 0
    },
    {
        "url": "https://www.soarion.org/invest/individual-retirement-accounts/ira-share-certificates",
        "bank": "Soarion Credit Union",
        "unit": "YEAR",
        "len": "7",
        "apy": "APY*\n3.70%",
        "min": 0
    },
    {
        "url": "https://www.soarion.org/invest/individual-retirement-accounts/ira-share-certificates",
        "bank": "Soarion Credit Union",
        "unit": "YEAR",
        "len": "7",
        "apy": "APY*\n3.75%",
        "min": 0
    },
    {
        "url": "https://www.capitalone.com/bank/cds/online-cds/",
        "bank": "Capital One",
        "unit": "MONTH",
        "len": "6",
        "apy": "NaN",
        "min": 0
    },
    {
        "url": "https://www.capitalone.com/bank/cds/online-cds/",
        "bank": "Capital One",
        "unit": "MONTH",
        "len": "9",
        "apy": "NaN",
        "min": 0
    },
    -1,
    {
        "url": "https://www.capitalone.com/bank/cds/online-cds/",
        "bank": "Capital One",
        "unit": "MONTH",
        "len": "12",
        "apy": "NaN",
        "min": 0
    },
    {
        "url": "https://www.capitalone.com/bank/cds/online-cds/",
        "bank": "Capital One",
        "unit": "MONTH",
        "len": "18",
        "apy": "NaN",
        "min": 0
    },
    {
        "url": "https://www.capitalone.com/bank/cds/online-cds/",
        "bank": "Capital One",
        "unit": "MONTH",
        "len": "24",
        "apy": "NaN",
        "min": 0
    },
    {
        "url": "https://www.capitalone.com/bank/cds/online-cds/",
        "bank": "Capital One",
        "unit": "MONTH",
        "len": "30",
        "apy": "NaN",
        "min": 0
    },
    {
        "url": "https://www.capitalone.com/bank/cds/online-cds/",
        "bank": "Capital One",
        "unit": "MONTH",
        "len": "36",
        "apy": "NaN",
        "min": 0
    },
    {
        "url": "https://www.capitalone.com/bank/cds/online-cds/",
        "bank": "Capital One",
        "unit": "MONTH",
        "len": "48",
        "apy": "NaN",
        "min": 0
    },
    {
        "url": "https://www.capitalone.com/bank/cds/online-cds/",
        "bank": "Capital One",
        "unit": "MONTH",
        "len": "60",
        "apy": "NaN",
        "min": 0
    },
    {
        "url": "https://www.capfed.com/personal/savings/certificate-of-deposit",
        "bank": "Capitol Federal",
        "unit": "DAY",
        "len": "91",
        "apy": "2.50%",
        "min": "$1,000"
    },
    {
        "url": "https://www.capfed.com/personal/savings/certificate-of-deposit",
        "bank": "Capitol Federal",
        "unit": "DAY",
        "len": "182",
        "apy": "4.50%",
        "min": "$1,000"
    },
    {
        "url": "https://www.capfed.com/personal/savings/certificate-of-deposit",
        "bank": "Capitol Federal",
        "unit": "MONTH",
        "len": "8",
        "apy": "5.30%",
        "min": "$1,000"
    },
    {
        "url": "https://www.capfed.com/personal/savings/certificate-of-deposit",
        "bank": "Capitol Federal",
        "unit": "MONTH",
        "len": "10",
        "apy": "4.00%",
        "min": "$1,000"
    },
    {
        "url": "https://www.capfed.com/personal/savings/certificate-of-deposit",
        "bank": "Capitol Federal",
        "unit": "YEAR",
        "len": "1",
        "apy": "5.00%",
        "min": "$1,000"
    },
    {
        "url": "https://www.capfed.com/personal/savings/certificate-of-deposit",
        "bank": "Capitol Federal",
        "unit": "MONTH",
        "len": "14",
        "apy": "4.20%",
        "min": "$1,000"
    },
    {
        "url": "https://www.capfed.com/personal/savings/certificate-of-deposit",
        "bank": "Capitol Federal",
        "unit": "MONTH",
        "len": "19",
        "apy": "3.75%",
        "min": "$1,000"
    },
    {
        "url": "https://www.capfed.com/personal/savings/certificate-of-deposit",
        "bank": "Capitol Federal",
        "unit": "YEAR",
        "len": "2",
        "apy": "4.50%",
        "min": "$1,000"
    },
    {
        "url": "https://www.capfed.com/personal/savings/certificate-of-deposit",
        "bank": "Capitol Federal",
        "unit": "MONTH",
        "len": "30",
        "apy": "4.25%",
        "min": "$1,000"
    },
    {
        "url": "https://www.capfed.com/personal/savings/certificate-of-deposit",
        "bank": "Capitol Federal",
        "unit": "YEAR",
        "len": "3",
        "apy": "3.50%",
        "min": "$1,000"
    },
    {
        "url": "https://www.capfed.com/personal/savings/certificate-of-deposit",
        "bank": "Capitol Federal",
        "unit": "MONTH",
        "len": "42",
        "apy": "3.50%",
        "min": "$1,000"
    },
    {
        "url": "https://www.capfed.com/personal/savings/certificate-of-deposit",
        "bank": "Capitol Federal",
        "unit": "YEAR",
        "len": "4",
        "apy": "3.50%",
        "min": "$1,000"
    },
    {
        "url": "https://www.capfed.com/personal/savings/certificate-of-deposit",
        "bank": "Capitol Federal",
        "unit": "YEAR",
        "len": "5",
        "apy": "2.50%",
        "min": "$1,000"
    },
    {
        "url": "https://www.bankwithunited.com/personal-banking/personal-savings/cds-and-cdars.html#accordion-80f164dff7-item-0ab1e5f26f",
        "bank": "United Bank",
        "unit": "MONTH",
        "len": "5",
        "apy": "5.00%",
        "min": "$500"
    },
    {
        "url": "https://www.bankwithunited.com/personal-banking/personal-savings/cds-and-cdars.html#accordion-80f164dff7-item-0ab1e5f26f",
        "bank": "United Bank",
        "unit": "MONTH",
        "len": "11",
        "apy": "4.75%",
        "min": "$500"
    },
    {
        "url": "https://www.bankwithunited.com/personal-banking/personal-savings/cds-and-cdars.html#accordion-80f164dff7-item-0ab1e5f26f",
        "bank": "United Bank",
        "unit": "MONTH",
        "len": "20",
        "apy": "3.75%",
        "min": "$500"
    },
    {
        "url": "https://www.bankwithunited.com/personal-banking/personal-savings/cds-and-cdars.html#accordion-80f164dff7-item-0ab1e5f26f",
        "bank": "United Bank",
        "unit": "MONTH",
        "len": "26",
        "apy": "3.00%",
        "min": "$500"
    },
    {
        "url": "https://www.bankwithunited.com/personal-banking/personal-savings/cds-and-cdars.html#accordion-80f164dff7-item-0ab1e5f26f",
        "bank": "United Bank",
        "unit": "MONTH",
        "len": "38",
        "apy": "3.00%",
        "min": "$500"
    },
    {
        "url": "https://www.bankwithunited.com/personal-banking/personal-savings/cds-and-cdars.html#accordion-80f164dff7-item-0ab1e5f26f",
        "bank": "United Bank",
        "unit": "MONTH",
        "len": "50",
        "apy": "3.00%",
        "min": "$500"
    },
    {
        "url": "https://www.bankwithunited.com/personal-banking/personal-savings/cds-and-cdars.html#accordion-80f164dff7-item-0ab1e5f26f",
        "bank": "United Bank",
        "unit": "MONTH",
        "len": "1",
        "apy": "0.25%",
        "min": "$500"
    },
    {
        "url": "https://www.bankwithunited.com/personal-banking/personal-savings/cds-and-cdars.html#accordion-80f164dff7-item-0ab1e5f26f",
        "bank": "United Bank",
        "unit": "MONTH",
        "len": "2",
        "apy": "0.25%",
        "min": "$500"
    },
    {
        "url": "https://www.bankwithunited.com/personal-banking/personal-savings/cds-and-cdars.html#accordion-80f164dff7-item-0ab1e5f26f",
        "bank": "United Bank",
        "unit": "MONTH",
        "len": "3",
        "apy": "0.50%",
        "min": "$500"
    },
    {
        "url": "https://www.bankwithunited.com/personal-banking/personal-savings/cds-and-cdars.html#accordion-80f164dff7-item-0ab1e5f26f",
        "bank": "United Bank",
        "unit": "MONTH",
        "len": "6",
        "apy": "1.75%",
        "min": "$500"
    },
    {
        "url": "https://www.bankwithunited.com/personal-banking/personal-savings/cds-and-cdars.html#accordion-80f164dff7-item-0ab1e5f26f",
        "bank": "United Bank",
        "unit": "YEAR",
        "len": "1",
        "apy": "2.00%",
        "min": "$500"
    },
    {
        "url": "https://www.bankwithunited.com/personal-banking/personal-savings/cds-and-cdars.html#accordion-80f164dff7-item-0ab1e5f26f",
        "bank": "United Bank",
        "unit": "MONTH",
        "len": "18",
        "apy": "1.80%",
        "min": "$500"
    },
    {
        "url": "https://www.bankwithunited.com/personal-banking/personal-savings/cds-and-cdars.html#accordion-80f164dff7-item-0ab1e5f26f",
        "bank": "United Bank",
        "unit": "YEAR",
        "len": "2",
        "apy": "1.80%",
        "min": "$500"
    },
    {
        "url": "https://www.bankwithunited.com/personal-banking/personal-savings/cds-and-cdars.html#accordion-80f164dff7-item-0ab1e5f26f",
        "bank": "United Bank",
        "unit": "MONTH",
        "len": "30",
        "apy": "1.85%",
        "min": "$500"
    },
    {
        "url": "https://www.bankwithunited.com/personal-banking/personal-savings/cds-and-cdars.html#accordion-80f164dff7-item-0ab1e5f26f",
        "bank": "United Bank",
        "unit": "YEAR",
        "len": "3",
        "apy": "1.85%",
        "min": "$500"
    },
    {
        "url": "https://www.bankwithunited.com/personal-banking/personal-savings/cds-and-cdars.html#accordion-80f164dff7-item-0ab1e5f26f",
        "bank": "United Bank",
        "unit": "YEAR",
        "len": "4",
        "apy": "1.90%",
        "min": "$500"
    },
    {
        "url": "https://www.bankwithunited.com/personal-banking/personal-savings/cds-and-cdars.html#accordion-80f164dff7-item-0ab1e5f26f",
        "bank": "United Bank",
        "unit": "YEAR",
        "len": "5",
        "apy": "1.90%",
        "min": "$500"
    },
    {
        "url": "https://www.liberty-bank.com/personal/banking/certificate-of-deposit",
        "bank": "Liberty Bank",
        "unit": "DAY",
        "len": "32",
        "apy": "0.75%",
        "min": 0
    },
    {
        "url": "https://www.liberty-bank.com/personal/banking/certificate-of-deposit",
        "bank": "Liberty Bank",
        "unit": "MONTH",
        "len": "3",
        "apy": "4.85%",
        "min": 0
    },
    {
        "url": "https://www.liberty-bank.com/personal/banking/certificate-of-deposit",
        "bank": "Liberty Bank",
        "unit": "MONTH",
        "len": "6",
        "apy": "5.01%",
        "min": 0
    },
    {
        "url": "https://www.liberty-bank.com/personal/banking/certificate-of-deposit",
        "bank": "Liberty Bank",
        "unit": "MONTH",
        "len": "9",
        "apy": "4.51%",
        "min": 0
    },
    {
        "url": "https://www.liberty-bank.com/personal/banking/certificate-of-deposit",
        "bank": "Liberty Bank",
        "unit": "YEAR",
        "len": "1",
        "apy": "1.00%",
        "min": 0
    },
    {
        "url": "https://www.liberty-bank.com/personal/banking/certificate-of-deposit",
        "bank": "Liberty Bank",
        "unit": "YEAR",
        "len": "2",
        "apy": "1.05%",
        "min": 0
    },
    {
        "url": "https://www.liberty-bank.com/personal/banking/certificate-of-deposit",
        "bank": "Liberty Bank",
        "unit": "YEAR",
        "len": "3",
        "apy": "1.25%",
        "min": 0
    },
    {
        "url": "https://www.liberty-bank.com/personal/banking/certificate-of-deposit",
        "bank": "Liberty Bank",
        "unit": "YEAR",
        "len": "4",
        "apy": "1.35%",
        "min": 0
    },
    {
        "url": "https://www.liberty-bank.com/personal/banking/certificate-of-deposit",
        "bank": "Liberty Bank",
        "unit": "YEAR",
        "len": "5",
        "apy": "1.45%",
        "min": 0
    },
    {
        "url": "https://www.everbank.com/banking/cd",
        "bank": "EverBank",
        "unit": "MONTH",
        "len": "3",
        "apy": "3.95%",
        "min": 0
    },
    {
        "url": "https://www.everbank.com/banking/cd",
        "bank": "EverBank",
        "unit": "MONTH",
        "len": "6",
        "apy": "4.00%",
        "min": 0
    },
    {
        "url": "https://www.everbank.com/banking/cd",
        "bank": "EverBank",
        "unit": "MONTH",
        "len": "9",
        "apy": "5.05%",
        "min": 0
    },
    {
        "url": "https://www.everbank.com/banking/cd",
        "bank": "EverBank",
        "unit": "YEAR",
        "len": "1",
        "apy": "4.85%",
        "min": 0
    },
    {
        "url": "https://www.everbank.com/banking/cd",
        "bank": "EverBank",
        "unit": "YEAR",
        "len": "1.5",
        "apy": "4.40%",
        "min": 0
    },
    {
        "url": "https://www.everbank.com/banking/cd",
        "bank": "EverBank",
        "unit": "YEAR",
        "len": "2",
        "apy": "4.50%",
        "min": 0
    },
    {
        "url": "https://www.everbank.com/banking/cd",
        "bank": "EverBank",
        "unit": "YEAR",
        "len": "2.5",
        "apy": "4.10%",
        "min": 0
    },
    {
        "url": "https://www.everbank.com/banking/cd",
        "bank": "EverBank",
        "unit": "YEAR",
        "len": "3",
        "apy": "4.20%",
        "min": 0
    },
    {
        "url": "https://www.everbank.com/banking/cd",
        "bank": "EverBank",
        "unit": "YEAR",
        "len": "4",
        "apy": "4.00%",
        "min": 0
    },
    {
        "url": "https://www.everbank.com/banking/cd",
        "bank": "EverBank",
        "unit": "YEAR",
        "len": "5",
        "apy": "4.00%",
        "min": 0
    },
    {
        "url": "https://www.banking.barclaysus.com/online-cds.html",
        "bank": "Barclays",
        "unit": "MONTH",
        "len": "6",
        "apy": "5.00%",
        "min": 0
    },
    {
        "url": "https://www.banking.barclaysus.com/online-cds.html",
        "bank": "Barclays",
        "unit": "MONTH",
        "len": "12",
        "apy": "5.00%",
        "min": 0
    },
    {
        "url": "https://www.banking.barclaysus.com/online-cds.html",
        "bank": "Barclays",
        "unit": "MONTH",
        "len": "18",
        "apy": "4.50%",
        "min": 0
    },
    {
        "url": "https://www.banking.barclaysus.com/online-cds.html",
        "bank": "Barclays",
        "unit": "MONTH",
        "len": "24",
        "apy": "4.00%",
        "min": 0
    },
    {
        "url": "https://www.banking.barclaysus.com/online-cds.html",
        "bank": "Barclays",
        "unit": "MONTH",
        "len": "36",
        "apy": "3.50%",
        "min": 0
    },
    {
        "url": "https://www.banking.barclaysus.com/online-cds.html",
        "bank": "Barclays",
        "unit": "MONTH",
        "len": "48",
        "apy": "3.50%",
        "min": 0
    },
    {
        "url": "https://www.banking.barclaysus.com/online-cds.html",
        "bank": "Barclays",
        "unit": "MONTH",
        "len": "60",
        "apy": "3.75%",
        "min": 0
    },
    {
        "url": "https://www.axosbank.com/Personal/CDs",
        "bank": "Axos Bank",
        "unit": "MONTH",
        "len": "3",
        "apy": "0.20%",
        "min": 0
    },
    {
        "url": "https://www.axosbank.com/Personal/CDs",
        "bank": "Axos Bank",
        "unit": "MONTH",
        "len": "6",
        "apy": "0.20%",
        "min": 0
    },
    {
        "url": "https://www.axosbank.com/Personal/CDs",
        "bank": "Axos Bank",
        "unit": "MONTH",
        "len": "12",
        "apy": "0.20%",
        "min": 0
    },
    {
        "url": "https://www.axosbank.com/Personal/CDs",
        "bank": "Axos Bank",
        "unit": "MONTH",
        "len": "24",
        "apy": "0.20%",
        "min": 0
    },
    {
        "url": "https://www.axosbank.com/Personal/CDs",
        "bank": "Axos Bank",
        "unit": "MONTH",
        "len": "36",
        "apy": "0.20%",
        "min": 0
    },
    {
        "url": "https://www.axosbank.com/Personal/CDs",
        "bank": "Axos Bank",
        "unit": "MONTH",
        "len": "48",
        "apy": "0.20%",
        "min": 0
    },
    {
        "url": "https://www.axosbank.com/Personal/CDs",
        "bank": "Axos Bank",
        "unit": "MONTH",
        "len": "60",
        "apy": "0.20%",
        "min": 0
    }
]